{
  "games": 3,
  "skipped": 0,
  "players": 4,
  "seedBase": 1234,
  "avgVP": [
    10.333333333333334,
    5,
    11.333333333333334,
    11.666666666666666
  ],
  "vpVar": [
    14.222222222222214,
    2.666666666666668,
    54.888888888888886,
    10.888888888888914
  ],
  "winRate": [
    0.3333333333333333,
    0,
    0.3333333333333333,
    0.3333333333333333
  ],
  "firstPlayerWinRate": 0.3333333333333333,
  "actionTagHistogram": {
    "policy": 120,
    "invention": 163,
    "build": 266,
    "cleanup": 120,
    "internal": 0
  },
  "generatedAt": "2025-08-25T16:37:29.039Z"
}