{
  "games": 3,
  "skipped": 0,
  "players": 4,
  "seedBase": 1234,
  "avgVP": [
    2.3333333333333335,
    19.666666666666668,
    10.333333333333334,
    11.666666666666666
  ],
  "vpVar": [
    1.5555555555555545,
    16.22222222222217,
    54.222222222222214,
    1.5555555555555713
  ],
  "winRate": [
    0,
    1,
    0,
    0
  ],
  "firstPlayerWinRate": 0,
  "actionTagHistogram": {},
  "generatedAt": "2025-08-25T16:36:55.161Z"
}